,pfkA,pykF
0.45205,0.86762,0.36531
0.57762,0.83756,0.40982
0.67079,0.8813,0.46682
0.86643,0.94135,0.78382
1.0397,1.0235,1.0865